n,mean,std,pct_pos,pct_neg,pct_zero
266644,0.00024125899931740517,0.01679622784242833,51.39361845756889,48.21297310271373,0.393408439717376
