year,days,ret_pct,sharpe,hit_pct,avg_turnover_pct
2020,123,4.294808005142503,0.7194624360683554,51.78197567925893,33.549029367844696
2021,252,11.345464050372156,1.1467253304532108,51.95517530121446,32.45059928733398
2022,251,-4.180424409075123,-0.11690873292011318,50.23759632056388,28.416944467029843
2023,250,15.040126362772321,1.3878103898241336,52.69911477970152,23.09387755102041
2024,252,2.3402224820896267,0.3052976208721789,51.95202829841572,17.46841593780369
2025,169,13.741575975125864,1.118461516072387,52.892145238562804,18.258664412510566
