year,days,ret_pct,sharpe,hit_pct,avg_turnover_pct
2020,123,4.683296947721782,0.7651879673976579,51.75932927158669,33.97435897435898
2021,252,12.769860925164544,1.285064446148927,51.853838460182175,32.66178266178266
2022,251,-4.670735429723938,-0.1462069840740593,50.22087310052886,28.003371130861176
2023,250,15.273367724026542,1.404083669793992,53.002187653049326,22.723076923076924
2024,252,2.15393018023069,0.2860331206476865,51.88361371419873,17.200854700854702
2025,168,14.35930093628519,1.1677320252026793,52.872627440675714,18.0746336996337
